{"app":["/app-99f754add364905dd261.js"],"component---node-modules-gatsby-plugin-offline-app-shell-js":["/component---node-modules-gatsby-plugin-offline-app-shell-js-2fb560e943ea9fad2129.js"],"component---src-pages-index-js":["/component---src-pages-index-js-e33d69d2e58ff7a12ed4.js"],"component---src-pages-project-js":["/component---src-pages-project-js-da23b1fccf7d765711fb.js"],"component---src-pages-skills-js":["/component---src-pages-skills-js-44e0929dc95cca13644b.js"],"component---src-pages-try-js":["/component---src-pages-try-js-9c8ebe035bca09486dad.js"],"component---src-pages-work-js":["/component---src-pages-work-js-d736b35d3a63fbde9fee.js"]}