{"app":["/app-f03b8d50f1d761ccfc15.js"],"component---node-modules-gatsby-plugin-offline-app-shell-js":["/component---node-modules-gatsby-plugin-offline-app-shell-js-2fb560e943ea9fad2129.js"],"component---src-pages-404-js":["/component---src-pages-404-js-a4b2b6ff003c6b333a56.js"],"component---src-pages-index-js":["/component---src-pages-index-js-ecfebc95c6c5d7dc6c2d.js"],"component---src-pages-project-js":["/component---src-pages-project-js-ca103f978f7b5e3d02d3.js"],"component---src-pages-skills-js":["/component---src-pages-skills-js-1067464c596078898ddf.js"],"component---src-pages-work-js":["/component---src-pages-work-js-0ec4f62ff17a0c6311bf.js"]}