{"app":["/app-17fc40a5f22b9fce8710.js"],"component---node-modules-gatsby-plugin-offline-app-shell-js":["/component---node-modules-gatsby-plugin-offline-app-shell-js-2fb560e943ea9fad2129.js"],"component---src-pages-index-js":["/component---src-pages-index-js-e33d69d2e58ff7a12ed4.js"],"component---src-pages-project-js":["/component---src-pages-project-js-da23b1fccf7d765711fb.js"],"component---src-pages-skills-js":["/component---src-pages-skills-js-2cae5a5d941149f4320d.js"],"component---src-pages-work-js":["/component---src-pages-work-js-d2adacef35582f6903d5.js"]}