{"app":["/app-7a008ce547bd24f47cbe.js"],"component---node-modules-gatsby-plugin-offline-app-shell-js":["/component---node-modules-gatsby-plugin-offline-app-shell-js-2fb560e943ea9fad2129.js"],"component---src-pages-index-js":["/component---src-pages-index-js-e33d69d2e58ff7a12ed4.js"],"component---src-pages-project-js":["/component---src-pages-project-js-da23b1fccf7d765711fb.js"],"component---src-pages-skills-js":["/component---src-pages-skills-js-1b9e63acc12bfcee3f67.js"],"component---src-pages-work-js":["/component---src-pages-work-js-76ad172503ebdb8ed9f2.js"]}