{"errors":[],"warnings":[],"namedChunkGroups":{"app":{"chunks":[9,1,0,2],"assets":["webpack-runtime-8bd00930fee319befb9e.js","webpack-runtime-8bd00930fee319befb9e.js.map","styles.2409321e710dac91a509.css","styles-143616976d37b2aaa9b8.js","styles-143616976d37b2aaa9b8.js.map","commons-482e1aadcd60413d01ae.js","commons-482e1aadcd60413d01ae.js.map","app-f03b8d50f1d761ccfc15.js","app-f03b8d50f1d761ccfc15.js.map"],"children":{},"childAssets":{}},"component---node-modules-gatsby-plugin-offline-app-shell-js":{"chunks":[3],"assets":["component---node-modules-gatsby-plugin-offline-app-shell-js-2fb560e943ea9fad2129.js","component---node-modules-gatsby-plugin-offline-app-shell-js-2fb560e943ea9fad2129.js.map"],"children":{},"childAssets":{}},"component---src-pages-404-js":{"chunks":[1,0,4],"assets":["styles.2409321e710dac91a509.css","styles-143616976d37b2aaa9b8.js","styles-143616976d37b2aaa9b8.js.map","commons-482e1aadcd60413d01ae.js","commons-482e1aadcd60413d01ae.js.map","component---src-pages-404-js-a4b2b6ff003c6b333a56.js","component---src-pages-404-js-a4b2b6ff003c6b333a56.js.map"],"children":{},"childAssets":{}},"component---src-pages-index-js":{"chunks":[1,0,5],"assets":["styles.2409321e710dac91a509.css","styles-143616976d37b2aaa9b8.js","styles-143616976d37b2aaa9b8.js.map","commons-482e1aadcd60413d01ae.js","commons-482e1aadcd60413d01ae.js.map","component---src-pages-index-js-ecfebc95c6c5d7dc6c2d.js","component---src-pages-index-js-ecfebc95c6c5d7dc6c2d.js.map"],"children":{},"childAssets":{}},"component---src-pages-project-js":{"chunks":[1,0,6],"assets":["styles.2409321e710dac91a509.css","styles-143616976d37b2aaa9b8.js","styles-143616976d37b2aaa9b8.js.map","commons-482e1aadcd60413d01ae.js","commons-482e1aadcd60413d01ae.js.map","component---src-pages-project-js-ca103f978f7b5e3d02d3.js","component---src-pages-project-js-ca103f978f7b5e3d02d3.js.map"],"children":{},"childAssets":{}},"component---src-pages-skills-js":{"chunks":[1,0,7],"assets":["styles.2409321e710dac91a509.css","styles-143616976d37b2aaa9b8.js","styles-143616976d37b2aaa9b8.js.map","commons-482e1aadcd60413d01ae.js","commons-482e1aadcd60413d01ae.js.map","component---src-pages-skills-js-1067464c596078898ddf.js","component---src-pages-skills-js-1067464c596078898ddf.js.map"],"children":{},"childAssets":{}},"component---src-pages-work-js":{"chunks":[1,0,8],"assets":["styles.2409321e710dac91a509.css","styles-143616976d37b2aaa9b8.js","styles-143616976d37b2aaa9b8.js.map","commons-482e1aadcd60413d01ae.js","commons-482e1aadcd60413d01ae.js.map","component---src-pages-work-js-0ec4f62ff17a0c6311bf.js","component---src-pages-work-js-0ec4f62ff17a0c6311bf.js.map"],"children":{},"childAssets":{}}},"assetsByChunkName":{"app":["webpack-runtime-8bd00930fee319befb9e.js","styles.2409321e710dac91a509.css","styles-143616976d37b2aaa9b8.js","commons-482e1aadcd60413d01ae.js","app-f03b8d50f1d761ccfc15.js"],"component---node-modules-gatsby-plugin-offline-app-shell-js":["component---node-modules-gatsby-plugin-offline-app-shell-js-2fb560e943ea9fad2129.js"],"component---src-pages-404-js":["styles.2409321e710dac91a509.css","styles-143616976d37b2aaa9b8.js","commons-482e1aadcd60413d01ae.js","component---src-pages-404-js-a4b2b6ff003c6b333a56.js"],"component---src-pages-index-js":["styles.2409321e710dac91a509.css","styles-143616976d37b2aaa9b8.js","commons-482e1aadcd60413d01ae.js","component---src-pages-index-js-ecfebc95c6c5d7dc6c2d.js"],"component---src-pages-project-js":["styles.2409321e710dac91a509.css","styles-143616976d37b2aaa9b8.js","commons-482e1aadcd60413d01ae.js","component---src-pages-project-js-ca103f978f7b5e3d02d3.js"],"component---src-pages-skills-js":["styles.2409321e710dac91a509.css","styles-143616976d37b2aaa9b8.js","commons-482e1aadcd60413d01ae.js","component---src-pages-skills-js-1067464c596078898ddf.js"],"component---src-pages-work-js":["styles.2409321e710dac91a509.css","styles-143616976d37b2aaa9b8.js","commons-482e1aadcd60413d01ae.js","component---src-pages-work-js-0ec4f62ff17a0c6311bf.js"]}}