{"errors":[],"warnings":[],"namedChunkGroups":{"app":{"chunks":[9,1,0,2],"assets":["webpack-runtime-99ea103a3121aaf06ab0.js","webpack-runtime-99ea103a3121aaf06ab0.js.map","styles.ec7662f122c49ad79158.css","styles-50d1b3640a0828502d4c.js","styles-50d1b3640a0828502d4c.js.map","commons-529d5d7e0d59cf2bab5f.js","commons-529d5d7e0d59cf2bab5f.js.map","app-99f754add364905dd261.js","app-99f754add364905dd261.js.map"],"children":{},"childAssets":{}},"component---node-modules-gatsby-plugin-offline-app-shell-js":{"chunks":[3],"assets":["component---node-modules-gatsby-plugin-offline-app-shell-js-2fb560e943ea9fad2129.js","component---node-modules-gatsby-plugin-offline-app-shell-js-2fb560e943ea9fad2129.js.map"],"children":{},"childAssets":{}},"component---src-pages-index-js":{"chunks":[1,0,4],"assets":["styles.ec7662f122c49ad79158.css","styles-50d1b3640a0828502d4c.js","styles-50d1b3640a0828502d4c.js.map","commons-529d5d7e0d59cf2bab5f.js","commons-529d5d7e0d59cf2bab5f.js.map","component---src-pages-index-js-e33d69d2e58ff7a12ed4.js","component---src-pages-index-js-e33d69d2e58ff7a12ed4.js.map"],"children":{},"childAssets":{}},"component---src-pages-project-js":{"chunks":[1,0,5],"assets":["styles.ec7662f122c49ad79158.css","styles-50d1b3640a0828502d4c.js","styles-50d1b3640a0828502d4c.js.map","commons-529d5d7e0d59cf2bab5f.js","commons-529d5d7e0d59cf2bab5f.js.map","component---src-pages-project-js-da23b1fccf7d765711fb.js","component---src-pages-project-js-da23b1fccf7d765711fb.js.map"],"children":{},"childAssets":{}},"component---src-pages-skills-js":{"chunks":[1,0,6],"assets":["styles.ec7662f122c49ad79158.css","styles-50d1b3640a0828502d4c.js","styles-50d1b3640a0828502d4c.js.map","commons-529d5d7e0d59cf2bab5f.js","commons-529d5d7e0d59cf2bab5f.js.map","component---src-pages-skills-js-44e0929dc95cca13644b.js","component---src-pages-skills-js-44e0929dc95cca13644b.js.map"],"children":{},"childAssets":{}},"component---src-pages-try-js":{"chunks":[1,0,7],"assets":["styles.ec7662f122c49ad79158.css","styles-50d1b3640a0828502d4c.js","styles-50d1b3640a0828502d4c.js.map","commons-529d5d7e0d59cf2bab5f.js","commons-529d5d7e0d59cf2bab5f.js.map","component---src-pages-try-js-9c8ebe035bca09486dad.js","component---src-pages-try-js-9c8ebe035bca09486dad.js.map"],"children":{},"childAssets":{}},"component---src-pages-work-js":{"chunks":[1,0,8],"assets":["styles.ec7662f122c49ad79158.css","styles-50d1b3640a0828502d4c.js","styles-50d1b3640a0828502d4c.js.map","commons-529d5d7e0d59cf2bab5f.js","commons-529d5d7e0d59cf2bab5f.js.map","component---src-pages-work-js-d736b35d3a63fbde9fee.js","component---src-pages-work-js-d736b35d3a63fbde9fee.js.map"],"children":{},"childAssets":{}}},"assetsByChunkName":{"app":["webpack-runtime-99ea103a3121aaf06ab0.js","styles.ec7662f122c49ad79158.css","styles-50d1b3640a0828502d4c.js","commons-529d5d7e0d59cf2bab5f.js","app-99f754add364905dd261.js"],"component---node-modules-gatsby-plugin-offline-app-shell-js":["component---node-modules-gatsby-plugin-offline-app-shell-js-2fb560e943ea9fad2129.js"],"component---src-pages-index-js":["styles.ec7662f122c49ad79158.css","styles-50d1b3640a0828502d4c.js","commons-529d5d7e0d59cf2bab5f.js","component---src-pages-index-js-e33d69d2e58ff7a12ed4.js"],"component---src-pages-project-js":["styles.ec7662f122c49ad79158.css","styles-50d1b3640a0828502d4c.js","commons-529d5d7e0d59cf2bab5f.js","component---src-pages-project-js-da23b1fccf7d765711fb.js"],"component---src-pages-skills-js":["styles.ec7662f122c49ad79158.css","styles-50d1b3640a0828502d4c.js","commons-529d5d7e0d59cf2bab5f.js","component---src-pages-skills-js-44e0929dc95cca13644b.js"],"component---src-pages-try-js":["styles.ec7662f122c49ad79158.css","styles-50d1b3640a0828502d4c.js","commons-529d5d7e0d59cf2bab5f.js","component---src-pages-try-js-9c8ebe035bca09486dad.js"],"component---src-pages-work-js":["styles.ec7662f122c49ad79158.css","styles-50d1b3640a0828502d4c.js","commons-529d5d7e0d59cf2bab5f.js","component---src-pages-work-js-d736b35d3a63fbde9fee.js"]}}