{"errors":[],"warnings":[],"namedChunkGroups":{"app":{"chunks":[8,1,0,2],"assets":["webpack-runtime-e1daf4b10fde48cf51d5.js","webpack-runtime-e1daf4b10fde48cf51d5.js.map","styles.afc108f5f6b3ba5d9884.css","styles-0b85f1398f271fb65d69.js","styles-0b85f1398f271fb65d69.js.map","commons-671d5dbb639fa09fe559.js","commons-671d5dbb639fa09fe559.js.map","app-17fc40a5f22b9fce8710.js","app-17fc40a5f22b9fce8710.js.map"],"children":{},"childAssets":{}},"component---node-modules-gatsby-plugin-offline-app-shell-js":{"chunks":[3],"assets":["component---node-modules-gatsby-plugin-offline-app-shell-js-2fb560e943ea9fad2129.js","component---node-modules-gatsby-plugin-offline-app-shell-js-2fb560e943ea9fad2129.js.map"],"children":{},"childAssets":{}},"component---src-pages-index-js":{"chunks":[1,0,4],"assets":["styles.afc108f5f6b3ba5d9884.css","styles-0b85f1398f271fb65d69.js","styles-0b85f1398f271fb65d69.js.map","commons-671d5dbb639fa09fe559.js","commons-671d5dbb639fa09fe559.js.map","component---src-pages-index-js-e33d69d2e58ff7a12ed4.js","component---src-pages-index-js-e33d69d2e58ff7a12ed4.js.map"],"children":{},"childAssets":{}},"component---src-pages-project-js":{"chunks":[1,0,5],"assets":["styles.afc108f5f6b3ba5d9884.css","styles-0b85f1398f271fb65d69.js","styles-0b85f1398f271fb65d69.js.map","commons-671d5dbb639fa09fe559.js","commons-671d5dbb639fa09fe559.js.map","component---src-pages-project-js-da23b1fccf7d765711fb.js","component---src-pages-project-js-da23b1fccf7d765711fb.js.map"],"children":{},"childAssets":{}},"component---src-pages-skills-js":{"chunks":[1,0,6],"assets":["styles.afc108f5f6b3ba5d9884.css","styles-0b85f1398f271fb65d69.js","styles-0b85f1398f271fb65d69.js.map","commons-671d5dbb639fa09fe559.js","commons-671d5dbb639fa09fe559.js.map","component---src-pages-skills-js-2cae5a5d941149f4320d.js","component---src-pages-skills-js-2cae5a5d941149f4320d.js.map"],"children":{},"childAssets":{}},"component---src-pages-work-js":{"chunks":[1,0,7],"assets":["styles.afc108f5f6b3ba5d9884.css","styles-0b85f1398f271fb65d69.js","styles-0b85f1398f271fb65d69.js.map","commons-671d5dbb639fa09fe559.js","commons-671d5dbb639fa09fe559.js.map","component---src-pages-work-js-d2adacef35582f6903d5.js","component---src-pages-work-js-d2adacef35582f6903d5.js.map"],"children":{},"childAssets":{}}},"assetsByChunkName":{"app":["webpack-runtime-e1daf4b10fde48cf51d5.js","styles.afc108f5f6b3ba5d9884.css","styles-0b85f1398f271fb65d69.js","commons-671d5dbb639fa09fe559.js","app-17fc40a5f22b9fce8710.js"],"component---node-modules-gatsby-plugin-offline-app-shell-js":["component---node-modules-gatsby-plugin-offline-app-shell-js-2fb560e943ea9fad2129.js"],"component---src-pages-index-js":["styles.afc108f5f6b3ba5d9884.css","styles-0b85f1398f271fb65d69.js","commons-671d5dbb639fa09fe559.js","component---src-pages-index-js-e33d69d2e58ff7a12ed4.js"],"component---src-pages-project-js":["styles.afc108f5f6b3ba5d9884.css","styles-0b85f1398f271fb65d69.js","commons-671d5dbb639fa09fe559.js","component---src-pages-project-js-da23b1fccf7d765711fb.js"],"component---src-pages-skills-js":["styles.afc108f5f6b3ba5d9884.css","styles-0b85f1398f271fb65d69.js","commons-671d5dbb639fa09fe559.js","component---src-pages-skills-js-2cae5a5d941149f4320d.js"],"component---src-pages-work-js":["styles.afc108f5f6b3ba5d9884.css","styles-0b85f1398f271fb65d69.js","commons-671d5dbb639fa09fe559.js","component---src-pages-work-js-d2adacef35582f6903d5.js"]}}