{"errors":[],"warnings":[],"namedChunkGroups":{"app":{"chunks":[8,1,0,2],"assets":["webpack-runtime-293fa386a963d87d33ed.js","webpack-runtime-293fa386a963d87d33ed.js.map","styles.0ba70f24cdec437192b4.css","styles-c3aeb4b15195084e3386.js","styles-c3aeb4b15195084e3386.js.map","commons-fafd10fc47f530f83332.js","commons-fafd10fc47f530f83332.js.map","app-7a008ce547bd24f47cbe.js","app-7a008ce547bd24f47cbe.js.map"],"children":{},"childAssets":{}},"component---node-modules-gatsby-plugin-offline-app-shell-js":{"chunks":[3],"assets":["component---node-modules-gatsby-plugin-offline-app-shell-js-2fb560e943ea9fad2129.js","component---node-modules-gatsby-plugin-offline-app-shell-js-2fb560e943ea9fad2129.js.map"],"children":{},"childAssets":{}},"component---src-pages-index-js":{"chunks":[1,0,4],"assets":["styles.0ba70f24cdec437192b4.css","styles-c3aeb4b15195084e3386.js","styles-c3aeb4b15195084e3386.js.map","commons-fafd10fc47f530f83332.js","commons-fafd10fc47f530f83332.js.map","component---src-pages-index-js-e33d69d2e58ff7a12ed4.js","component---src-pages-index-js-e33d69d2e58ff7a12ed4.js.map"],"children":{},"childAssets":{}},"component---src-pages-project-js":{"chunks":[1,0,5],"assets":["styles.0ba70f24cdec437192b4.css","styles-c3aeb4b15195084e3386.js","styles-c3aeb4b15195084e3386.js.map","commons-fafd10fc47f530f83332.js","commons-fafd10fc47f530f83332.js.map","component---src-pages-project-js-da23b1fccf7d765711fb.js","component---src-pages-project-js-da23b1fccf7d765711fb.js.map"],"children":{},"childAssets":{}},"component---src-pages-skills-js":{"chunks":[1,0,6],"assets":["styles.0ba70f24cdec437192b4.css","styles-c3aeb4b15195084e3386.js","styles-c3aeb4b15195084e3386.js.map","commons-fafd10fc47f530f83332.js","commons-fafd10fc47f530f83332.js.map","component---src-pages-skills-js-1b9e63acc12bfcee3f67.js","component---src-pages-skills-js-1b9e63acc12bfcee3f67.js.map"],"children":{},"childAssets":{}},"component---src-pages-work-js":{"chunks":[1,0,7],"assets":["styles.0ba70f24cdec437192b4.css","styles-c3aeb4b15195084e3386.js","styles-c3aeb4b15195084e3386.js.map","commons-fafd10fc47f530f83332.js","commons-fafd10fc47f530f83332.js.map","component---src-pages-work-js-76ad172503ebdb8ed9f2.js","component---src-pages-work-js-76ad172503ebdb8ed9f2.js.map"],"children":{},"childAssets":{}}},"assetsByChunkName":{"app":["webpack-runtime-293fa386a963d87d33ed.js","styles.0ba70f24cdec437192b4.css","styles-c3aeb4b15195084e3386.js","commons-fafd10fc47f530f83332.js","app-7a008ce547bd24f47cbe.js"],"component---node-modules-gatsby-plugin-offline-app-shell-js":["component---node-modules-gatsby-plugin-offline-app-shell-js-2fb560e943ea9fad2129.js"],"component---src-pages-index-js":["styles.0ba70f24cdec437192b4.css","styles-c3aeb4b15195084e3386.js","commons-fafd10fc47f530f83332.js","component---src-pages-index-js-e33d69d2e58ff7a12ed4.js"],"component---src-pages-project-js":["styles.0ba70f24cdec437192b4.css","styles-c3aeb4b15195084e3386.js","commons-fafd10fc47f530f83332.js","component---src-pages-project-js-da23b1fccf7d765711fb.js"],"component---src-pages-skills-js":["styles.0ba70f24cdec437192b4.css","styles-c3aeb4b15195084e3386.js","commons-fafd10fc47f530f83332.js","component---src-pages-skills-js-1b9e63acc12bfcee3f67.js"],"component---src-pages-work-js":["styles.0ba70f24cdec437192b4.css","styles-c3aeb4b15195084e3386.js","commons-fafd10fc47f530f83332.js","component---src-pages-work-js-76ad172503ebdb8ed9f2.js"]}}