{"errors":[],"warnings":[],"namedChunkGroups":{"app":{"chunks":[9,1,0,2],"assets":["webpack-runtime-fba3f5eb6a3851cf410a.js","webpack-runtime-fba3f5eb6a3851cf410a.js.map","styles.2409321e710dac91a509.css","styles-143616976d37b2aaa9b8.js","styles-143616976d37b2aaa9b8.js.map","commons-ba540b96b3eb85a9731f.js","commons-ba540b96b3eb85a9731f.js.map","app-f03b8d50f1d761ccfc15.js","app-f03b8d50f1d761ccfc15.js.map"],"children":{},"childAssets":{}},"component---node-modules-gatsby-plugin-offline-app-shell-js":{"chunks":[3],"assets":["component---node-modules-gatsby-plugin-offline-app-shell-js-2fb560e943ea9fad2129.js","component---node-modules-gatsby-plugin-offline-app-shell-js-2fb560e943ea9fad2129.js.map"],"children":{},"childAssets":{}},"component---src-pages-404-js":{"chunks":[1,0,4],"assets":["styles.2409321e710dac91a509.css","styles-143616976d37b2aaa9b8.js","styles-143616976d37b2aaa9b8.js.map","commons-ba540b96b3eb85a9731f.js","commons-ba540b96b3eb85a9731f.js.map","component---src-pages-404-js-a4b2b6ff003c6b333a56.js","component---src-pages-404-js-a4b2b6ff003c6b333a56.js.map"],"children":{},"childAssets":{}},"component---src-pages-index-js":{"chunks":[1,0,5],"assets":["styles.2409321e710dac91a509.css","styles-143616976d37b2aaa9b8.js","styles-143616976d37b2aaa9b8.js.map","commons-ba540b96b3eb85a9731f.js","commons-ba540b96b3eb85a9731f.js.map","component---src-pages-index-js-ecfebc95c6c5d7dc6c2d.js","component---src-pages-index-js-ecfebc95c6c5d7dc6c2d.js.map"],"children":{},"childAssets":{}},"component---src-pages-project-js":{"chunks":[1,0,6],"assets":["styles.2409321e710dac91a509.css","styles-143616976d37b2aaa9b8.js","styles-143616976d37b2aaa9b8.js.map","commons-ba540b96b3eb85a9731f.js","commons-ba540b96b3eb85a9731f.js.map","component---src-pages-project-js-75a7b36389a3b81de197.js","component---src-pages-project-js-75a7b36389a3b81de197.js.map"],"children":{},"childAssets":{}},"component---src-pages-skills-js":{"chunks":[1,0,7],"assets":["styles.2409321e710dac91a509.css","styles-143616976d37b2aaa9b8.js","styles-143616976d37b2aaa9b8.js.map","commons-ba540b96b3eb85a9731f.js","commons-ba540b96b3eb85a9731f.js.map","component---src-pages-skills-js-5816e6ee3fe9bb048e59.js","component---src-pages-skills-js-5816e6ee3fe9bb048e59.js.map"],"children":{},"childAssets":{}},"component---src-pages-work-js":{"chunks":[1,0,8],"assets":["styles.2409321e710dac91a509.css","styles-143616976d37b2aaa9b8.js","styles-143616976d37b2aaa9b8.js.map","commons-ba540b96b3eb85a9731f.js","commons-ba540b96b3eb85a9731f.js.map","component---src-pages-work-js-0ec4f62ff17a0c6311bf.js","component---src-pages-work-js-0ec4f62ff17a0c6311bf.js.map"],"children":{},"childAssets":{}}},"assetsByChunkName":{"app":["webpack-runtime-fba3f5eb6a3851cf410a.js","styles.2409321e710dac91a509.css","styles-143616976d37b2aaa9b8.js","commons-ba540b96b3eb85a9731f.js","app-f03b8d50f1d761ccfc15.js"],"component---node-modules-gatsby-plugin-offline-app-shell-js":["component---node-modules-gatsby-plugin-offline-app-shell-js-2fb560e943ea9fad2129.js"],"component---src-pages-404-js":["styles.2409321e710dac91a509.css","styles-143616976d37b2aaa9b8.js","commons-ba540b96b3eb85a9731f.js","component---src-pages-404-js-a4b2b6ff003c6b333a56.js"],"component---src-pages-index-js":["styles.2409321e710dac91a509.css","styles-143616976d37b2aaa9b8.js","commons-ba540b96b3eb85a9731f.js","component---src-pages-index-js-ecfebc95c6c5d7dc6c2d.js"],"component---src-pages-project-js":["styles.2409321e710dac91a509.css","styles-143616976d37b2aaa9b8.js","commons-ba540b96b3eb85a9731f.js","component---src-pages-project-js-75a7b36389a3b81de197.js"],"component---src-pages-skills-js":["styles.2409321e710dac91a509.css","styles-143616976d37b2aaa9b8.js","commons-ba540b96b3eb85a9731f.js","component---src-pages-skills-js-5816e6ee3fe9bb048e59.js"],"component---src-pages-work-js":["styles.2409321e710dac91a509.css","styles-143616976d37b2aaa9b8.js","commons-ba540b96b3eb85a9731f.js","component---src-pages-work-js-0ec4f62ff17a0c6311bf.js"]}}