{"data":{"site":{"siteMetadata":{"title":"Web Developer Bio | Resume","description":"Portfolio for Shubham Jain.  Javascript and Python Developer. The website shows the technical skills I possess as a web developer and also the projects developed using the same.","author":"Shubham Jain","keywords":"'Web Developer Bio | Resume', 'Web Developer Portfolio Website', 'Web Developer Skills | Python | JavaScript', 'Project Based On Web Development'","siteUrl":"https://theshubhamjain.co","defaultImage":"/profiles-db9398c89ee961646f2f2702af68214d.png","twitterUsername":"@jains1801"}}}}